rebalance_date,h,date,pv_rebalance,pv_q05,pv_q25,pv_q50,pv_q75,pv_q95,pv_mu_1s_lo,pv_mu_1s_hi,pv_mu_2s_lo,pv_mu_2s_hi,pv_mu_3s_lo,pv_mu_3s_hi
2024-07-01,0,2024-07-01,0.9983268191465792,0.9983268191465792,0.9983268191465792,0.9983268191465792,0.9983268191465792,0.9983268191465792,0.9983268191465792,0.9983268191465792,0.9983268191465792,0.9983268191465792,0.9983268191465792,0.9983268191465792
2024-07-01,1,2024-07-02,0.9983268191465792,0.9833198573452011,0.995007651212243,1.0027885328865418,1.0108142638343076,1.0217575674814587,0.9910835366813786,1.0145919634940845,0.9795343807307433,1.0265544642936104,0.9681198077877308,1.0386580084194463
2024-07-01,2,2024-07-03,0.9983268191465792,0.9800149936198208,0.9956413684047454,1.0071220986237592,1.0188408134599045,1.0354014196810395,0.9906656137065601,1.024140955701211,0.9743405248174756,1.0413004514944364,0.9582844555890607,1.058747454875595
2024-07-01,3,2024-07-05,0.9983268191465792,0.9783838865650409,0.9972373331157334,1.0114605263584495,1.0260547050497384,1.0453826165907543,0.9910569967736332,1.0323236924314367,0.9710464403199879,1.053597001995321,0.9514399195281543,1.0753086950847588
2024-07-01,4,2024-07-08,0.9983268191465792,0.9774075154751626,0.9990379958323377,1.0162986934283396,1.0318431130173387,1.0560535424058572,0.9917882139548333,1.0400206668871674,0.9685174049948126,1.065009502533063,0.9457926103370737,1.0905987511580644
2024-07-01,5,2024-07-09,0.9983268191465792,0.9749986979549556,1.0018194729638112,1.0206641655903184,1.0389366280831145,1.0666546437384512,0.993124582536129,1.0478506726553518,0.9668428719312875,1.0763344200514577,0.9412566715619823,1.1055924417663168
2024-07-01,6,2024-07-10,0.9983268191465792,0.9755928104765504,1.0042900410207019,1.0251487488310684,1.0454227645244742,1.0749160558480249,0.9946552441022507,1.0554232841166642,0.9655961589240613,1.087185667208955,0.9373860417037649,1.119903921746271
2024-07-01,7,2024-07-11,0.9983268191465792,0.9742660419794775,1.007403738477477,1.0285693667666393,1.051338889667609,1.0836324942502857,0.9964196382426733,1.0623632056811685,0.9649990975203947,1.0969539389282017,0.9345693545919267,1.1326709525473042
2024-07-01,8,2024-07-12,0.9983268191465792,0.9753597697574627,1.0094957397974813,1.0340473614367736,1.0580959687018243,1.0924546399220527,0.9982299133009938,1.0698858148797885,0.964222264043221,1.107620166071525,0.9313731857645678,1.146685389436776
2024-07-01,9,2024-07-15,0.9983268191465792,0.9780817562522285,1.0124415982406796,1.038623254445539,1.0646453248985581,1.1008924357252214,1.0004640625616257,1.0768499489622319,0.9643277039521346,1.1172028660928204,0.9294965760474931,1.159067932546086
2024-07-01,10,2024-07-16,0.9983268191465792,0.9756359026589478,1.0164642646028108,1.0437963111790287,1.0698099897013424,1.1102983252904517,1.003419808578386,1.0836822320331296,0.9655461332025776,1.1261898115833895,0.9291019844059827,1.170364756589879
2024-07-01,11,2024-07-17,0.9983268191465792,0.9759804967140309,1.0189462572761423,1.0477127286180385,1.0763578851162416,1.1193409056065713,1.0059381881137681,1.090537698622655,0.9661322994413256,1.1354692491458878,0.9279015659739698,1.1822520371228753
2024-07-01,12,2024-07-18,0.9983268191465792,0.9802024082241264,1.0220591761668198,1.0532095673421489,1.0811554512201305,1.1285141096923321,1.00870377923787,1.0974644413627628,0.9670529255642688,1.1447321034015379,0.9271218965284326,1.1940355779827565
2024-07-01,13,2024-07-19,0.9983268191465792,0.9797802326003291,1.0271263536066857,1.0563252711931685,1.0891744447789513,1.1348776447899982,1.011787585594411,1.1047904477471058,0.9682646225085568,1.1544501717080282,0.9266138392584137,1.2063420729917214
2024-07-01,14,2024-07-22,0.9983268191465792,0.9846780408732279,1.0308060569886015,1.0614700837131226,1.0943146762705669,1.1494361960044792,1.0141847192644693,1.1119008701887336,0.9685957498503609,1.1642347925401233,0.9250560660276859,1.2190319195728943
2024-07-01,15,2024-07-23,0.9983268191465792,0.9866690723805986,1.0335523646194789,1.066519385156274,1.1009001704546655,1.1542947247882875,1.0166122970791478,1.1188535441578014,0.9690505158374051,1.1737677789051986,0.9237138926440029,1.231377248604157
2024-07-01,16,2024-07-24,0.9983268191465792,0.9882639434910075,1.0365882738061112,1.0706742271245233,1.1073904198251285,1.1619329138004972,1.0201715363467614,1.125031139851416,0.9714658345609491,1.1814360377365998,0.9250854724870676,1.2406688684609213
2024-07-01,17,2024-07-25,0.9983268191465792,0.9906903071784157,1.0401804876480862,1.0749258594907858,1.1125601015811086,1.1711742305481923,1.0231206081693052,1.1316748374782601,0.9728131196453689,1.1901976079359808,0.9249792822055549,1.2517467907063398
2024-07-01,18,2024-07-26,0.9983268191465792,0.995885060780675,1.0439558920488001,1.0791397676010919,1.1191978379142002,1.1794596606897476,1.0261335729401573,1.1386008008829132,0.9741371433652899,1.1993757921253891,0.9247754864553374,1.2633947645398953
2024-07-01,19,2024-07-29,0.9983268191465792,0.9977010210212954,1.0466239332124059,1.0846511011601287,1.1232212118227147,1.1864039310971068,1.0285870850732237,1.14479887152835,0.9749829121999758,1.2077394583290326,0.9241722872830689,1.2741404935677236
2024-07-01,20,2024-07-30,0.9983268191465792,0.9972793659740163,1.050330856034916,1.0896302171984849,1.1287262489761316,1.1923085699415856,1.031656506064999,1.151693052727273,0.9764146986045645,1.216851438772879,0.9241309079584042,1.2856962369766676
2024-07-01,21,2024-07-31,0.9983268191465792,0.9995548179920095,1.0550484031143648,1.0933783496248362,1.1348796161565242,1.2001926620483703,1.034549089024604,1.1578077454684894,0.9779314849280817,1.22483933363506,0.9244123834813012,1.2957517334732733
2024-07-01,22,2024-08-01,0.9983268191465792,1.0014108557172372,1.0582056384999208,1.0982050759155966,1.1404452563086003,1.2078108088637305,1.0383161653780433,1.163625823456741,0.9808164654878252,1.2318425979375736,0.9265009744134849,1.3040585345431732
2024-07-01,23,2024-08-02,0.9983268191465792,1.0033459463990353,1.0627565091715567,1.100957240814467,1.1469261708450245,1.217778255680566,1.0412423903458259,1.1700527052604028,0.9822568094244494,1.2403156322935613,0.9266127163150285,1.3147979238844627
2024-07-01,24,2024-08-05,0.9983268191465792,1.003339287298918,1.064632567650259,1.1056275612090354,1.1545822899685347,1.2263595757809946,1.0432842897466004,1.1768681148761728,0.9822908602194107,1.2499434384228691,0.9248632837219756,1.3275562312441211
2024-07-01,25,2024-08-06,0.9983268191465792,1.0071907851874722,1.0683740144363112,1.1083217492457478,1.1603355759654712,1.2339677887948826,1.0465331401276565,1.182785496865288,0.9844110566796985,1.2574261653530325,0.9259765327594249,1.3367770956820515
2024-07-01,26,2024-08-07,0.9983268191465792,1.0100338505607165,1.0715799853259393,1.1137652890465546,1.16499880725391,1.2427450074607023,1.049124367440536,1.1890706301065257,0.9854546322347392,1.2658958939831468,0.9256489147822103,1.347684800069301
2024-07-01,27,2024-08-08,0.9983268191465792,1.0136155938715294,1.0755874461564725,1.1185622274404974,1.1710432266565465,1.2457236582420281,1.0527819230586684,1.1954238094991207,0.9879766444215493,1.2738363645948887,0.9271605339561568,1.3573923079583063
2024-07-01,28,2024-08-09,0.9983268191465792,1.0160194045610798,1.078341208828968,1.1233630312532639,1.1760613748818447,1.254578388662794,1.0559328152753293,1.2016749598380854,0.9898307107921994,1.2819242821554382,0.927866642511647,1.3675327522853262
2024-07-01,29,2024-08-12,0.9983268191465792,1.0184519664660976,1.0826561122941807,1.1273681257924397,1.1825491044724081,1.2613169859050353,1.05962464419228,1.2081195440986583,0.9923688430221973,1.2899974148308142,0.9293818579992489,1.3774243934706922
2024-07-01,30,2024-08-13,0.9983268191465792,1.0202618565150587,1.0852185305433624,1.1328609857870326,1.1879523617608865,1.2690551382908168,1.0628557467309225,1.2144695141428437,0.9943016928494544,1.2982034644204024,0.9301693662983772,1.3877106138992878
2024-07-01,31,2024-08-14,0.9983268191465792,1.025308625765926,1.0896875541165854,1.1365029727240719,1.1928008719374068,1.2794411588621142,1.0665937089408122,1.2215267628307427,0.996660010967922,1.3072389242072633,0.9313116786044167,1.3989653415390197
2024-07-01,32,2024-08-15,0.9983268191465792,1.0272441895393924,1.0926775150507237,1.1422875743103338,1.1977672229407437,1.2846912079479584,1.0696289132626065,1.2275256983082705,0.9984685832703203,1.315010808234838,0.9320424115471534,1.40873093586361
2024-07-01,33,2024-08-16,0.9983268191465792,1.0308377501423864,1.0977598808348321,1.148183697919833,1.2043484453729496,1.2968144359657838,1.0734193164225836,1.2344648143895178,1.000955456637661,1.3238335116938216,0.9333834512237117,1.4196720281171242
2024-07-01,34,2024-08-19,0.9983268191465792,1.0325307001025237,1.1028611277819005,1.1543811330284697,1.2110645860704579,1.3089911411904653,1.0773549352484562,1.2410653096896724,1.0037854355890652,1.3320255394771416,0.9352397874971108,1.4296524316379695
2024-07-01,35,2024-08-20,0.9983268191465792,1.0330761630545304,1.1078033966433627,1.1570431916816908,1.217365420924946,1.318831512509421,1.0811436401989127,1.2478023836482866,1.0063572772325924,1.3405314810423847,0.936744139985568,1.4401516419704241
2024-07-01,36,2024-08-21,0.9983268191465792,1.0372019612774797,1.1130559506634123,1.1627968557536805,1.2241311463962266,1.323838275769315,1.0847697856764915,1.2547496135784029,1.008620602494764,1.3494811290117095,0.937816975739673,1.4513647167940942
2024-07-01,37,2024-08-22,0.9983268191465792,1.0413128565321537,1.115872545519701,1.1689303470747476,1.229897482390828,1.328933312947592,1.0886183489148913,1.261524602529196,1.0112664819352208,1.358018736359957,0.9394108582727834,1.4618937154354965
2024-07-01,38,2024-08-23,0.9983268191465792,1.0442541519221071,1.1196790725249763,1.1713584718568764,1.2363466591508487,1.3370346102246407,1.0919110766971512,1.2672670978826004,1.0135538502153674,1.3652387399227348,0.9408196594119921,1.4707845095166243
2024-07-01,39,2024-08-26,0.9983268191465792,1.0465928944064058,1.1248744768515642,1.1777407953450096,1.240440870969713,1.3445604357697742,1.0955994533180318,1.273842322601403,1.0160612138614915,1.3735599127452953,0.9422972850042186,1.4810834908106745
2024-07-01,40,2024-08-27,0.9983268191465792,1.0494021500284407,1.128272965356728,1.1822063457464052,1.247853501794781,1.3524362791386861,1.0989647685603345,1.2805818543810195,1.0180567382393806,1.3823535451041753,0.9431053223229009,1.492213338120219
2024-07-01,41,2024-08-28,0.9983268191465792,1.0534183928679377,1.1324674085460313,1.189062864965495,1.2530113290374798,1.3612232889035902,1.1029215212801495,1.288286933809864,1.020494376234941,1.3923441598229793,0.9442274466803304,1.504806272978374
2024-07-01,42,2024-08-29,0.9983268191465792,1.0534068790556324,1.1347909479870146,1.1936957392480303,1.2612075138645602,1.3679992003652675,1.1064937389946516,1.2954495292470165,1.0226174340681395,1.4017038489096219,0.9450992622970101,1.5166732749442413
2024-07-01,43,2024-08-30,0.9983268191465792,1.0555054366402947,1.1400028521668075,1.197663631779172,1.2662933004532453,1.3765961623902483,1.1100340357671192,1.301796849578812,1.025021169460751,1.4097648455856813,0.9465190831888255,1.526687455490649
2024-07-01,44,2024-09-03,0.9983268191465792,1.0568403960089099,1.1426748623720417,1.204828409388726,1.2726984558807684,1.3861523048781292,1.1134010865165458,1.3082186737318542,1.0271580855191627,1.4180602901043,0.9475953862666834,1.5371245088822703
2024-07-01,45,2024-09-04,0.9983268191465792,1.0592353746472056,1.14770540416884,1.2078600481248671,1.2804053841751402,1.3933210785287944,1.117230459529978,1.3144180043724378,1.0300241366547018,1.425702348887566,0.9496247735114636,1.5464085099731955
2024-07-01,46,2024-09-05,0.9983268191465792,1.06477105516125,1.1519632242998048,1.213975831812976,1.2857546804359599,1.4018328004467633,1.1212058992379657,1.322060311695773,1.0325294018122793,1.4356025291095553,0.9508663541026819,1.558896068018423
2024-07-01,47,2024-09-06,0.9983268191465792,1.0697552445961196,1.15791208646574,1.2187584061950272,1.2917703505322358,1.4084283772025883,1.1256129727313915,1.3283186866123788,1.0361735294922356,1.4429752382355385,0.9538408042820296,1.567528605255944
2024-07-01,48,2024-09-09,0.9983268191465792,1.0724688320359177,1.161011263901663,1.2248811070639851,1.2988466089379336,1.4178463363086984,1.1293884649414454,1.3355654140703022,1.0385620274589782,1.4523659954295056,0.9550399338775126,1.579381258647137
2024-07-01,49,2024-09-10,0.9983268191465792,1.0746595345269885,1.1638603597843837,1.2300255091594758,1.3052820785739117,1.4245539933684506,1.1324695725754093,1.3419811169081228,1.0403191925736954,1.4608523929174304,0.9556671972880927,1.5902531615418332
2024-07-01,50,2024-09-11,0.9983268191465792,1.076044043110159,1.167493280576767,1.2339755191727955,1.3109793426653902,1.4338334369062482,1.1366256797249845,1.348270661915291,1.0436086100411877,1.4684423286736212,0.9582036992298296,1.599324923066437
2024-07-01,51,2024-09-12,0.9983268191465792,1.0814515917822194,1.1724527584562696,1.2390775363606876,1.317882804058243,1.439682065205688,1.1400794749687464,1.3555658590566975,1.0455441573600652,1.4781325131031202,0.9588477022794716,1.611781317517795
2024-07-01,52,2024-09-13,0.9983268191465792,1.0836040389610986,1.175808312509191,1.244704700403858,1.3254984971439887,1.4473765848495428,1.1441806731290438,1.3629128674636657,1.048353780236735,1.487492668513744,0.9605525371539809,1.623459937684627
2024-07-01,53,2024-09-16,0.9983268191465792,1.087446684421347,1.1798241065441664,1.2491757960114154,1.3292894432595208,1.4566926527837307,1.1481337420590738,1.3693727688843274,1.0513029353488155,1.4954995639685003,0.9626386033136625,1.6332433334804366
2024-07-01,54,2024-09-17,0.9983268191465792,1.0932828874742213,1.1839086106765104,1.2556840842788515,1.33520532916065,1.4619961385256974,1.1528369576803013,1.3759670485708235,1.055231675432361,1.5032392441146059,0.9658901732959376,1.642283677791096
2024-07-01,55,2024-09-18,0.9983268191465792,1.0970961381352768,1.1877081273412458,1.2614476560435108,1.3428068059579468,1.4735150286984875,1.1572585413952037,1.3832274053035654,1.0585193462039943,1.512255524870667,0.9682047409538136,1.6533194496677615
2024-07-01,56,2024-09-19,0.9983268191465792,1.100253926357489,1.193358551487128,1.264467941327419,1.3483633250000375,1.4838677516732972,1.1610946226845178,1.3902096540545854,1.0611121090378497,1.5212011435723853,0.9697391461029006,1.6645352105395994
2024-07-01,57,2024-09-20,0.9983268191465792,1.1041237977791825,1.1962562971518695,1.2703842547232898,1.358922307585687,1.4908034666576733,1.1646354661484446,1.3979758562780618,1.0630046921895402,1.5316322449029847,0.970242628239652,1.6780671304812218
2024-07-01,58,2024-09-23,0.9983268191465792,1.11152808004358,1.2021209590222073,1.275165615172105,1.3631689568504823,1.4987030046432415,1.1690976321356221,1.405043575076544,1.066427350101353,1.5403141306468195,0.9727735834745612,1.688607857547062
2024-07-01,59,2024-09-24,0.9983268191465792,1.1106454516555975,1.2068768991556698,1.2814158866141097,1.3701167569191506,1.5102268946820163,1.1731979420020877,1.4127813202696424,1.0691027993133384,1.5503393485676915,0.9742437781207618,1.7012909650154169
2024-07-01,60,2024-09-25,0.9983268191465792,1.1128715867474652,1.212269560625979,1.287280517114222,1.3736117003284725,1.5213987864967136,1.1769798536560785,1.4194864411261559,1.0717362475606846,1.5588788263400137,0.9759033519286485,1.7119594275823342
2024-07-01,61,2024-09-26,0.9983268191465792,1.1147509239926183,1.2159201512905657,1.2912360845049466,1.3796229278703265,1.5300508232095866,1.1807796485629134,1.4261811019958628,1.0743998774542385,1.5673918582268913,0.977604160165349,1.7225843434595407
2024-07-01,62,2024-09-27,0.9983268191465792,1.1186613998989008,1.2221112229530244,1.2979185485004914,1.387525363413115,1.5338508445972974,1.1850105068698644,1.43338900426274,1.077460275387898,1.5764674292716467,0.9796711829209582,1.7338276965732946
2024-07-01,63,2024-09-30,0.9983268191465792,1.1240514524363259,1.2241549661862186,1.3045849893171115,1.394966619106861,1.5447685451866662,1.1891277688548387,1.4410198980790216,1.080209003111031,1.5863196579023546,0.9812667073832074,1.746270166291243
2024-07-01,64,2024-10-01,0.9983268191465792,1.1284987508709083,1.2277852768800592,1.3095068150372704,1.4043170927787725,1.5517084947207973,1.1931879853547094,1.448070753425241,1.0830996521521785,1.5952554517926998,0.9831685123307967,1.7574002861771851
2024-10-01,0,2024-10-01,1.0262921996564498,1.0262921996564498,1.0262921996564498,1.0262921996564498,1.0262921996564498,1.0262921996564498,1.0262921996564498,1.0262921996564498,1.0262921996564498,1.0262921996564498,1.0262921996564498,1.0262921996564498
2024-10-01,1,2024-10-02,1.0262921996564498,1.0095461281159197,1.0217500028993116,1.0300270324011702,1.0385849104922074,1.0505464070470136,1.0176309233648388,1.042548108307858,1.0053965513681178,1.0552345665657064,0.9933092659572278,1.068075402565786
2024-10-01,2,2024-10-03,1.0262921996564498,1.0047910037477357,1.0211694989190716,1.033446393744963,1.0456585767344198,1.0636213065954663,1.0156798051939555,1.0514912599144792,0.9982340796964368,1.0698677391958584,0.9810880090080206,1.0885653766300942
2024-10-01,3,2024-10-04,1.0262921996564498,1.0006193297580543,1.0225462614505747,1.0363170656240448,1.0512882942998876,1.0717252544752707,1.0151313941776579,1.05848146666258,0.9941267489406054,1.0808458459743076,0.973556722437704,1.1036827564334875
2024-10-01,4,2024-10-07,1.0262921996564498,0.9988188193347037,1.0228189999036394,1.0397424758175255,1.0577954929333604,1.0801823273426652,1.0148435878842827,1.0653260613876832,0.9905066425595346,1.0915013347225746,0.9667533210708247,1.1183197397323486
2024-10-01,5,2024-10-08,1.0262921996564498,0.9978961032498713,1.0243945535995969,1.0431848089766977,1.0629600589102315,1.0896231852290728,1.0155913525604559,1.0715161550588315,0.9887332287346267,1.10062300889723,0.9625853894278857,1.1305205264473885
2024-10-01,6,2024-10-09,1.0262921996564498,0.9981289237044182,1.0262414852462687,1.046220552413746,1.0678007784217631,1.0982342068082436,1.01697175946639,1.0780273279991694,0.9877532206633683,1.1099162478780715,0.9593741574916382,1.1427484677871593
2024-10-01,7,2024-10-10,1.0262921996564498,0.9975772478562825,1.0288031943141889,1.050072905142971,1.073324692841998,1.1071645665344103,1.017854478608231,1.0843984671089122,0.9861298166613043,1.1192845178129358,0.9553939543874143,1.1552928833953349
2024-10-01,8,2024-10-11,1.0262921996564498,0.99824472523132,1.030258833438627,1.0538930722455977,1.0785053017147175,1.1151098127584933,1.01969066447071,1.0909518628624562,0.9858250983428947,1.128428797174775,0.9530842621053472,1.1671931582318122
2024-10-01,9,2024-10-14,1.0262921996564498,0.9973188090211845,1.0335963450331616,1.0576170255273347,1.0846373235628113,1.1216434234845547,1.021339425894407,1.0970295161244927,0.9854758570771076,1.1369527605790355,0.9508716106121071,1.1783288970700734
2024-10-01,10,2024-10-15,1.0262921996564498,0.9966724908683633,1.036103249738815,1.0633892706764958,1.0901336468879965,1.1298790666313674,1.022916978578224,1.1036091809877508,0.9848110850794686,1.1463118013705975,0.94812471941117,1.1906667401819022
2024-10-01,11,2024-10-16,1.0262921996564498,0.9965987053894584,1.0386690052211085,1.0670585647642241,1.0955920739516172,1.1366508957774197,1.024426045047717,1.1096485334689652,0.9843016098930374,1.1548826570121535,0.9457487574839012,1.2019607211103962
2024-10-01,12,2024-10-17,1.0262921996564498,0.9984228547848852,1.0394190449081917,1.0697144143839101,1.1007251568442382,1.1434376079920825,1.0258288596918073,1.1152818785122325,0.9838299663586608,1.1628923460256304,0.9435505674855736,1.2125352652989982
2024-10-01,13,2024-10-18,1.0262921996564498,1.0014334713374085,1.0410945105695895,1.073764847394893,1.1052777001356102,1.1508290024202592,1.0280677372643303,1.120510101354457,0.9847470932340483,1.1698031833717852,0.9432518913718012,1.2212647491286444
2024-10-01,14,2024-10-21,1.0262921996564498,1.0031367591479146,1.0446168936446725,1.075408408684842,1.111587405985321,1.158674686458076,1.0296415286788447,1.1266294365218001,0.9843250304217667,1.1784973656291569,0.9410029981580318,1.2327531979659827
2024-10-01,15,2024-10-22,1.0262921996564498,1.001182060681052,1.0464020361575046,1.080176086124744,1.11512008163584,1.1663703199388475,1.0312382383428775,1.1319029726450731,0.9843145667009501,1.1858623929520729,0.9395260282207814,1.2423941353663848
2024-10-01,16,2024-10-23,1.0262921996564498,1.0011739577427983,1.0484543133236168,1.0829970724736446,1.1190298580282017,1.1728409208169746,1.0328601728334403,1.1370579151132039,0.9843986379745113,1.1930348025896635,0.9382109059232177,1.2517674089172959
2024-10-01,17,2024-10-24,1.0262921996564498,1.001319877824955,1.05041410318015,1.0866085716877114,1.1244878270615473,1.1774584527091911,1.0348010812027304,1.142303984896622,0.9849052780392389,1.2001736867391612,0.9374153393636703,1.2609750971598224
2024-10-01,18,2024-10-25,1.0262921996564498,1.0037163375263418,1.0539409271966516,1.0906290178284057,1.130318418517875,1.1863429988792829,1.0371465538024993,1.1486453240600392,0.985524030718458,1.208812268658476,0.9364709467168608,1.2721308050899038
2024-10-01,19,2024-10-28,1.0262921996564498,1.0041944184424407,1.0561301959706832,1.093245832300198,1.1346126125554707,1.195156046620559,1.0388150227290973,1.1536339668778854,0.9857648199025502,1.2157182639585178,0.9354237846932985,1.2811437074119707
2024-10-01,20,2024-10-29,1.0262921996564498,1.0055306621856288,1.0584138122881448,1.0982121854303983,1.139294045229184,1.1995838294314758,1.0415034462525021,1.1592558121776473,0.9871915424871524,1.2230341038268933,0.9357118740842783,1.2903212590444446
2024-10-01,21,2024-10-30,1.0262921996564498,1.0077552605165185,1.0607519746098144,1.1025089237031294,1.1446888671735804,1.2071005741842533,1.0432565027117338,1.1652983984743122,0.9871157372947813,1.2315730424271925,0.9339960750613786,1.301616959929948
2024-10-01,22,2024-10-31,1.0262921996564498,1.0095002098072952,1.0648493164321802,1.1059724973800982,1.1504723677272597,1.2184934989630156,1.0455555310347022,1.170992518489184,0.9879696319610631,1.2392462935084168,0.9335553824781805,1.311478384128151
2024-10-01,23,2024-11-01,1.0262921996564498,1.0130462565853877,1.0672498841741853,1.1089501118655136,1.1547675554397523,1.2208544708830904,1.047779989975349,1.1759543833750368,0.9890310192511603,1.245806701752462,0.9335761003261785,1.3198082851453359
2024-10-01,24,2024-11-04,1.0262921996564498,1.0140820856634956,1.0693996801419483,1.1104813915593414,1.1589914527288405,1.2281345861829087,1.0499385663813654,1.180975488281904,0.9899776522442926,1.2525047492610042,0.9334410443850095,1.32836639073994
2024-10-01,25,2024-11-05,1.0262921996564498,1.0138211661550847,1.072712705879831,1.1159221753288069,1.1634517673387652,1.2330761650575015,1.0518828925525985,1.1856674783064949,0.9907626681773091,1.258811395246659,0.9331938674957925,1.336467565987519
2024-10-01,26,2024-11-06,1.0262921996564498,1.0162194393749695,1.0751044094169115,1.1187959438502664,1.1686578252656663,1.2363947135859108,1.053993082756545,1.1905439998597953,0.9917082261456688,1.265316861841999,0.9331040420425205,1.3447858802784527
2024-10-01,27,2024-11-07,1.0262921996564498,1.019402900488156,1.0759921210164067,1.122670868677049,1.1715623014128624,1.2442021260672858,1.057005961524919,1.1959901423585118,0.9936932850524077,1.2721920630985353,0.9341729192650037,1.3532491515517455
2024-10-01,28,2024-11-08,1.0262921996564498,1.0193526396626065,1.0793989056592213,1.127984885591034,1.1767666107023667,1.2513115061086277,1.059122633042497,1.2009793480121564,0.9946072109977065,1.2788811454728428,0.9340216829536333,1.3618360606725233
2024-10-01,29,2024-11-11,1.0262921996564498,1.020134591461409,1.0843040983828414,1.1319389642894362,1.1831276483326754,1.2594417251012644,1.0620754331704436,1.2070757379513255,0.9962441508483979,1.286838659140368,0.934493329854064,1.3718722716345042
2024-10-01,30,2024-11-12,1.0262921996564498,1.024943165030408,1.0852478609495686,1.1342937895052074,1.1874456789720254,1.2638169193583537,1.0643302068688658,1.2123219623846553,0.9972535607941116,1.2938644049453751,0.9344042460678439,1.380891504342377
2024-10-01,31,2024-11-13,1.0262921996564498,1.0255303100655255,1.0871583194988386,1.1391224585508297,1.1924923482069039,1.2684564984730524,1.0665887761482042,1.2177210992607468,0.9982092691791801,1.301137644232021,0.9342136044911636,1.3902684040421194
2024-10-01,32,2024-11-14,1.0262921996564498,1.0249147688917994,1.0903430729763366,1.1446268297666613,1.1963252061838787,1.278317416396126,1.0691963431098042,1.2235919042627612,0.9994657119075187,1.3089593508912292,0.9342827589302884,1.4002827056280096
2024-10-01,33,2024-11-15,1.0262921996564498,1.0278811298166708,1.0939338609866966,1.1481802850922533,1.2005731938538025,1.2824487265880795,1.0720263443222948,1.2285266745006616,1.001419149047244,1.3151465707644832,0.9354623768247731,1.4078737877601113
2024-10-01,34,2024-11-18,1.0262921996564498,1.0280575688423046,1.0979720360703056,1.151798129856353,1.2043287036887766,1.2879078801904065,1.0749060970190196,1.2332506708968294,1.0035294204496292,1.3209664194058734,0.9368923485510284,1.4149210070398999
2024-10-01,35,2024-11-19,1.0262921996564498,1.0301404029106733,1.101287830805492,1.1561966548292104,1.2097659849998954,1.297496910018152,1.0776166708735406,1.23936040128165,1.0048416872594634,1.3291202450847053,0.9369814366698264,1.4253808852269185
2024-10-01,36,2024-11-20,1.0262921996564498,1.0332991831998208,1.1042540121195272,1.1609988991727707,1.2133627151484783,1.3061211679653275,1.0804120165101483,1.2447866145293638,1.0065530147526422,1.3361267579721192,0.9377431535611916,1.4341692724933892
2024-10-01,37,2024-11-21,1.0262921996564498,1.0371484986209718,1.107155304232156,1.1639155179274088,1.2206800810400482,1.3132974091022318,1.0827704328520005,1.25062953369256,1.0074888346457511,1.3440790954372486,0.9374413274864463,1.4445113969581922
2024-10-01,38,2024-11-22,1.0262921996564498,1.0392507487717024,1.1111751534816203,1.16583151337202,1.2265963845294108,1.3212889479514276,1.0858872679378846,1.2559757666284193,1.0096863418826056,1.3507641306481062,0.9388327306942822,1.4527061629090587
2024-10-01,39,2024-11-25,1.0262921996564498,1.0397842314446952,1.1136049585171417,1.1723723111794822,1.2317241997991726,1.3237343487767723,1.088523585178884,1.261523352128109,1.01113494048229,1.358075828524318,0.9392482457751321,1.462018085444616
2024-10-01,40,2024-11-26,1.0262921996564498,1.0457966343115568,1.1170405738198772,1.175423217939382,1.2372503942199689,1.3325232781700223,1.0909062539070056,1.2673730215620327,1.0121128019010501,1.3660386003004128,0.9390104054342668,1.4723853401982607
2024-10-01,41,2024-11-27,1.0262921996564498,1.0439858418113879,1.1190571783807464,1.1790849700594626,1.2429121437932438,1.3408870872452403,1.0933224155821768,1.2736780742208045,1.0129605733045253,1.3747235830100832,0.9385055208285072,1.483785399101135
2024-10-01,42,2024-11-29,1.0262921996564498,1.0448117938347057,1.1222938772278341,1.1811021682833887,1.2487351767358474,1.3462323122075295,1.0954974407875122,1.2791569985662008,1.0138066260189047,1.3822292953415536,0.9382074632880796,1.493606982600213
2024-10-01,43,2024-12-02,1.0262921996564498,1.0486787493953027,1.1233395815691898,1.1863101116804073,1.2552478226988406,1.3536859984492124,1.098230802008358,1.2851890328622888,1.015212426085569,1.3902845808683317,0.938469644262175,1.5039742531068943
2024-10-01,44,2024-12-03,1.0262921996564498,1.0512265327620238,1.1285163381023373,1.1907540840448743,1.26050963916851,1.3590547643291362,1.1018247287605303,1.2906855904781802,1.018025231630566,1.3969293259715776,0.9405991217880105,1.5119185928436967
2024-10-01,45,2024-12-04,1.0262921996564498,1.0545021457975199,1.1306333202640966,1.193517987258782,1.265328765816868,1.3683099557058487,1.104339816947516,1.2959053616493053,1.0194535746512958,1.4038107525932335,0.9410922027080164,1.5207010383754267
2024-10-01,46,2024-12-05,1.0262921996564498,1.0523815055047028,1.1331778896479334,1.1995345128639232,1.2698379573640335,1.3728047815564342,1.1070780761301497,1.3015670409332472,1.0210196591064926,1.4112718817694196,0.9416509700255168,1.5302233858387517
2024-10-01,47,2024-12-06,1.0262921996564498,1.0566964361970679,1.1383206438204472,1.2031830863260908,1.2766846674769243,1.3819118584745473,1.109515952589901,1.3081583214668637,1.0218100555746812,1.4204425942592738,0.9410372038692549,1.5423646591366535
2024-10-01,48,2024-12-09,1.0262921996564498,1.0564936124876176,1.1411642090817018,1.2083267423234971,1.2805612242493862,1.3881975475597441,1.111877228683403,1.3129049815478497,1.023219023406111,1.4266634210422355,0.9416301933801657,1.550278615395561
2024-10-01,49,2024-12-10,1.0262921996564498,1.0539912129489935,1.1435415950493533,1.2099185059872046,1.284334523966318,1.3928930830560629,1.1137962407245634,1.3180367974781566,1.023870084585693,1.4337995144782913,0.941204424812524,1.5597296309568727
2024-10-01,50,2024-12-11,1.0262921996564498,1.0589123964388407,1.147852129317716,1.214482028590715,1.2876923447192894,1.3979627823766194,1.117487612553112,1.3230256247580798,1.0270224771307792,1.4395641572401834,0.9438808597815312,1.5663679705293505
2024-10-01,51,2024-12-12,1.0262921996564498,1.0616888452163353,1.152167485615807,1.2194614371329244,1.29286200001184,1.4014070621821262,1.1204449406894559,1.3287489261869514,1.028879031917588,1.4470019949944586,0.9447961464918371,1.5757790898288553
2024-10-01,52,2024-12-13,1.0262921996564498,1.0619832638383773,1.155747704533331,1.2241204465612276,1.2979191644172747,1.41214854535505,1.1229573988492927,1.3339142862511277,1.0303409467588571,1.4538186819503887,0.9453630811425032,1.5845011795533412
2024-10-01,53,2024-12-16,1.0262921996564498,1.0628870027404722,1.1585729638320736,1.2302016071712272,1.3014090586424678,1.418444518343605,1.1253660915299346,1.3396872160197801,1.0314282716476837,1.4616998657176423,0.9453317347671566,1.5948248754561736
2024-10-01,54,2024-12-17,1.0262921996564498,1.0698155037239283,1.1596084377449754,1.2347015741647076,1.3066507507557148,1.4241399548705558,1.128752409884773,1.3454560714421084,1.0338636698460324,1.4689429828408118,0.9469517659205887,1.6037636104495485
2024-10-01,55,2024-12-18,1.0262921996564498,1.0701701331894122,1.1627847441402148,1.2380292628887744,1.3126712231382784,1.4320976073191212,1.131227412204584,1.3512170597486761,1.0350523623199566,1.4767695176311084,0.9470539532420477,1.6139880654038294
2024-10-01,56,2024-12-19,1.0262921996564498,1.0703243400938294,1.167158854442973,1.2412805530395725,1.3169680575890939,1.4415265116002185,1.133998483950023,1.356542836685744,1.036816630673745,1.4836929450246827,0.9479631065265457,1.6227609593916408
2024-10-01,57,2024-12-20,1.0262921996564498,1.0697284698640832,1.170858164592571,1.2452741209879623,1.3205581043094157,1.4507482680321357,1.136999206908343,1.362966859636608,1.0384787031314908,1.4922715639484405,0.9484949596315765,1.6338434091954737
2024-10-01,58,2024-12-23,1.0262921996564498,1.0713749684925005,1.1740827918753407,1.248542921442855,1.32565863800241,1.4528742923979139,1.1390675729900348,1.3686664026023985,1.0391432706616868,1.500277739808296,0.9479847926203011,1.6445448593496035
2024-10-01,59,2024-12-24,1.0262921996564498,1.0726460438860825,1.1775467197253844,1.252490859347604,1.3324075364874077,1.4585288453951049,1.1418631201658413,1.3749268816142584,1.0405938815273397,1.5087329715369837,0.9483059809435538,1.6555608955221779
2024-10-01,60,2024-12-26,1.0262921996564498,1.0780870728142602,1.181657537537124,1.2560067278360911,1.3368977888725897,1.4672351055919133,1.1450566866825096,1.3802913881349315,1.0429298354016525,1.5154537054216124,0.9499116106838696,1.663851526581856
2024-10-01,61,2024-12-27,1.0262921996564498,1.0760674013060652,1.1843030940150108,1.260874288833865,1.3426453526534108,1.4744137634010464,1.1474641464628679,1.386623641306318,1.0438290676157038,1.5242925900417323,0.9495539584031168,1.6756298038213364
2024-10-01,62,2024-12-30,1.0262921996564498,1.0783077873467213,1.1892571409332393,1.2644709919090382,1.345797667719213,1.484859133308077,1.151373605279333,1.3915727798622068,1.0473008145583746,1.5298567004687722,0.9526351751901876,1.681882225521076
2024-10-01,63,2024-12-31,1.0262921996564498,1.0803089513260071,1.1924055151424726,1.2679734443998951,1.351734628654666,1.491367243147708,1.1538177744451332,1.39811167363886,1.0481776773397766,1.5390197049396108,0.9522096708917128,1.694129086289444
2024-10-01,64,2025-01-02,1.0262921996564498,1.0808608358741951,1.197038862803013,1.2765789835623658,1.357475615701709,1.4988278885169655,1.157003965042491,1.4053728264810734,1.0497998222915044,1.5488876051172233,0.9525288591753442,1.707057919493704
2025-01-02,0,2025-01-02,1.2369558034993704,1.2369558034993704,1.2369558034993704,1.2369558034993704,1.2369558034993704,1.2369558034993704,1.2369558034993704,1.2369558034993704,1.2369558034993704,1.2369558034993704,1.2369558034993704,1.2369558034993704
2025-01-02,1,2025-01-03,1.2369558034993704,1.2014566626399368,1.2252329153586587,1.2416640061133786,1.2597908240423712,1.2850869981433028,1.2172364670201443,1.2679440995637508,1.1926482596051295,1.294084642057847,1.1685567346016792,1.3207641104889152
2025-01-02,2,2025-01-06,1.2369558034993704,1.1933541664036738,1.2234327797283018,1.247267831947441,1.2728044669573377,1.3123159313794368,1.2126416389984733,1.2849458366022197,1.1780298748206222,1.3226989048633788,1.1444060152148856,1.361561198216002
2025-01-02,3,2025-01-07,1.2369558034993704,1.1836300042954757,1.2233378873516267,1.2536341416512133,1.2854890289151335,1.329630372078822,1.2111124978597116,1.299553632833815,1.1691752810948468,1.3461673983478142,1.1286902251763866,1.3944531557523336
2025-01-02,4,2025-01-08,1.2369558034993704,1.1784347045250465,1.2246752354134713,1.2594725353363152,1.2974137667654635,1.34686054597795,1.210020525286127,1.312545423751483,1.161801505068475,1.3670208690391266,1.1155040009426267,1.4237572449472171
2025-01-02,5,2025-01-10,1.2369558034993704,1.1757049151724348,1.2256729574723475,1.2644100094529804,1.3037479224640043,1.3656135497185065,1.2090553584712815,1.324512871711782,1.1551574614238145,1.386312635624119,1.103662252794033,1.4509958828918768
2025-01-02,6,2025-01-13,1.2369558034993704,1.1735101737078322,1.2281374896981483,1.2690244403332198,1.3130206438374945,1.3816800473875697,1.2089504688281052,1.3362596848883157,1.1499192097913573,1.4048567575585926,1.0937703596152815,1.4769752702843815
2025-01-02,7,2025-01-14,1.2369558034993704,1.1697293522107435,1.231687619301454,1.274587448743718,1.3238331702777715,1.3970715637336328,1.2099850654291382,1.3477454896853867,1.146478913371225,1.4224002687703754,1.0863058862124795,1.5011903509098967
2025-01-02,8,2025-01-15,1.2369558034993704,1.1694976919568543,1.2344971523805492,1.2799644868759592,1.3334005431591998,1.4105968484563032,1.2108100770292272,1.358965984992661,1.1429039847248819,1.43970948650175,1.0788062827366793,1.525250395089415
2025-01-02,9,2025-01-16,1.2369558034993704,1.164929088071677,1.2345925257365686,1.288291131630641,1.341761807102589,1.4280267407060994,1.2107270711120939,1.3703184896352962,1.138042866241006,1.4578376093397019,1.0697221498586078,1.550946375810001
2025-01-02,10,2025-01-17,1.2369558034993704,1.1664443186034563,1.238342418600427,1.295834897297997,1.3500380321711412,1.4381878682629776,1.212925503827126,1.3800826344389492,1.1370999653613882,1.4721110506479755,1.0660146292126746,1.5702762221342574
2025-01-02,11,2025-01-21,1.2369558034993704,1.1652328688525389,1.2424495055612195,1.3005195790126372,1.3620829125120522,1.452627768521899,1.2135887384366362,1.391646128257466,1.1332948070725977,1.4902442494241654,1.0583133141069228,1.5958280469781343
2025-01-02,12,2025-01-22,1.2369558034993704,1.1598030931119765,1.2449719350529562,1.3066050518639267,1.3719787834339288,1.4635608046728081,1.2153733948933483,1.4027024262621681,1.13131048894515,1.5069313212334614,1.0530619049050558,1.6189050253271609
2025-01-02,13,2025-01-23,1.2369558034993704,1.1595008717178064,1.2466096720645012,1.3110747181272515,1.3789488117063997,1.476323704328198,1.215953103129685,1.4124312149637241,1.128214259836298,1.5222730113707044,1.0468063388479305,1.6406569725996523
2025-01-02,14,2025-01-24,1.2369558034993704,1.1601720797621935,1.2520384824215247,1.3177555870455775,1.387767377647256,1.4892572706591098,1.2176449241541203,1.4234815129876945,1.1261729157756328,1.5391020460858054,1.0415724741000627,1.6641137146162506
2025-01-02,15,2025-01-27,1.2369558034993704,1.1607680191788252,1.2556225603977968,1.321800012465563,1.3990095553767241,1.5016582030908674,1.2204599230950426,1.4330891901694,1.1262859699459016,1.5529163724790902,1.0393787309951634,1.6827628569499964
2025-01-02,16,2025-01-28,1.2369558034993704,1.161688596237521,1.2568482840815727,1.3276926804516043,1.4058757683141025,1.5198661427084486,1.2225931201783626,1.4429414822186304,1.1253783655366425,1.5675886288601542,1.0358936629981692,1.7030033023607605
2025-01-02,17,2025-01-29,1.2369558034993704,1.16366376773096,1.260006696360762,1.3344338168194083,1.415153853833291,1.5329328798910054,1.225853187089624,1.4545393868384109,1.125369000470864,1.5844151939116946,1.0331215846716224,1.725887610479067
2025-01-02,18,2025-01-30,1.2369558034993704,1.1637817686920395,1.263115227812884,1.3394226022235896,1.4241973478780294,1.5479342419663644,1.2283181863815262,1.4635469952114009,1.125286184256922,1.5975503973945124,1.0308965628928572,1.743823246240698
2025-01-02,19,2025-01-31,1.2369558034993704,1.1598153721258708,1.268210466576081,1.347078086987643,1.4329742112337627,1.566460656498123,1.2299487627124632,1.4735903237837218,1.1236787019147536,1.6129526993743315,1.026590589312222,1.765495041891155
2025-01-02,20,2025-02-03,1.2369558034993704,1.1614269266968575,1.2736423038380265,1.3524368618892204,1.441429831441065,1.5775559461637332,1.233913872522994,1.483999539837118,1.125149903343916,1.6274521408931342,1.0259729898378562,1.7847717602313766
2025-01-02,21,2025-02-04,1.2369558034993704,1.165208560622621,1.2761975855830052,1.3612236701735292,1.4482117297675303,1.5911451987019947,1.2368718017356253,1.4940928773769848,1.1253775187258184,1.6421168172028093,1.0239335700565853,1.80480590073779
2025-01-02,22,2025-02-05,1.2369558034993704,1.1681907026013028,1.2812314471072574,1.368432701600934,1.4613809244344853,1.6028930496655889,1.2403731883217763,1.5050765691079222,1.1260281757781117,1.657912886063222,1.0222241697772445,1.826269303629952
2025-01-02,23,2025-02-06,1.2369558034993704,1.1631757682237391,1.2887399134623485,1.3715517616821278,1.4677034952715367,1.6165981675390086,1.2434782411210554,1.5150044015037636,1.1265496527220478,1.6722520875317006,1.0206162665974752,1.8458210692183155
2025-01-02,24,2025-02-07,1.2369558034993704,1.164734963067631,1.291112040600973,1.3809745820319477,1.4743302265528075,1.6282192890765066,1.2468913234705494,1.5232180699663678,1.1281370508779731,1.6835608703007312,1.0206929678693129,1.860782287115552
2025-01-02,25,2025-02-10,1.2369558034993704,1.1643576034503142,1.2968131916174583,1.3892337393189287,1.4847584492499228,1.6420497337830964,1.2503396072991164,1.5354914705441303,1.1282836083979877,1.701598594538896,1.0181425058824365,1.8856749337140206
2025-01-02,26,2025-02-11,1.2369558034993704,1.1655552861194964,1.2978079677046876,1.3962570189481363,1.4920271612377718,1.6512469223644555,1.252787260081584,1.5448396935691442,1.1281693132274948,1.7154831852632546,1.015947431669534,1.9049760121853343
2025-01-02,27,2025-02-12,1.2369558034993704,1.1685524100755649,1.3036802415516906,1.3999488907889948,1.4982395470997294,1.6602001917412825,1.2560120898827705,1.5537915208617576,1.12926106868967,1.7281928771565707,1.0153011834282257,1.922169467753474
2025-01-02,28,2025-02-13,1.2369558034993704,1.1747462870098975,1.3044523554809921,1.4054074838624402,1.5100862698396893,1.676849938108298,1.2602812018067326,1.562903675906375,1.1317098121534224,1.7404621766347474,1.016255020774914,1.9381927594094577
2025-01-02,29,2025-02-14,1.2369558034993704,1.1739336713502324,1.3071597547786327,1.4077062928486692,1.5176363878324588,1.6806181109875111,1.262470236425963,1.5699932107999777,1.132094902799435,1.7507981840785247,1.0151834332132574,1.9524251826609897
2025-01-02,30,2025-02-18,1.2369558034993704,1.1725948782929918,1.3120529874309823,1.4163939114837663,1.5248828955789384,1.7038103768881032,1.2664234202020226,1.5806636592856005,1.1335708405904479,1.7659147588331,1.0146549962191564,1.97287697300132
2025-01-02,31,2025-02-19,1.2369558034993704,1.1781286871754062,1.3157186891986195,1.4180544380694298,1.537196616534727,1.7203358273890377,1.268722852958231,1.5915434347144526,1.1327678027256058,1.782560841011992,1.0113815573668408,1.9965042000122841
2025-01-02,32,2025-02-20,1.2369558034993704,1.1772447860236446,1.3231198202636834,1.4277505872134812,1.5496949107165068,1.7205590806469735,1.2726109668490742,1.6004911858398967,1.1347935243758303,1.7948662833315279,1.0119010259307628,2.0128476829753663
2025-01-02,33,2025-02-21,1.2369558034993704,1.181578784898395,1.330108300006493,1.434853340924925,1.5575847193743615,1.7279914193416939,1.277742217151902,1.6122525449610443,1.1374919474748335,1.8110397581103743,1.0126361273827023,2.0343369999367757
2025-01-02,34,2025-02-24,1.2369558034993704,1.1793690652548996,1.3338520516249037,1.4421086152928342,1.567800752344161,1.7449332596620482,1.2822124114496987,1.6213599088605972,1.1402504428501925,1.8232203386577783,1.0140059952703606,2.0502125315479156
2025-01-02,35,2025-02-25,1.2369558034993704,1.1833376196272993,1.337976643307364,1.4466725997098588,1.5692051847349835,1.7628810482090294,1.2853601412616684,1.6312118948719563,1.1409905638833189,1.8376091950176252,1.0128363445227966,2.070121953027072
2025-01-02,36,2025-02-26,1.2369558034993704,1.1848455174555996,1.3447819168593713,1.4603951315659434,1.5804630521988268,1.781582811748107,1.2906249742972709,1.6439750078039452,1.143542978307661,1.8554223517968043,1.013222717117168,2.0940659603736114
2025-01-02,37,2025-02-27,1.2369558034993704,1.1892658759888974,1.351599564316731,1.464638898037391,1.5948056246915618,1.796034690214746,1.294039553072686,1.657221070212537,1.1434866622584987,1.8754128787167943,1.0104495984363748,2.122332094900133
2025-01-02,38,2025-02-28,1.2369558034993704,1.1970833652927235,1.3592969863449864,1.4755475292517808,1.5996364981920774,1.8007748347150023,1.2991337370646048,1.6686266643622407,1.146307679680941,1.8910884334666,1.0114596049707218,2.143208867250129
2025-01-02,39,2025-03-03,1.2369558034993704,1.1990327043713676,1.3663230091779164,1.4808650113512276,1.6096510649341806,1.8149272945341772,1.3038279184464,1.6783443756174878,1.149184806643505,1.9041952530585513,1.0128834496763088,2.1604383548737873
2025-01-02,40,2025-03-04,1.2369558034993704,1.2008583789738918,1.364114239771508,1.4854543483213662,1.6206068002244587,1.8180390720336732,1.3071610164085725,1.689275152094027,1.1498559426682922,1.9203750164397577,1.0114811199941134,2.183090303077358
2025-01-02,41,2025-03-05,1.2369558034993704,1.206030419583144,1.3676703379505084,1.4953586704591604,1.6322834920532316,1.8335930266054237,1.3105898838077294,1.7004113049054412,1.1505969680459878,1.9368570545653478,1.0101355116753208,2.2061810804228745
2025-01-02,42,2025-03-06,1.2369558034993704,1.2010430523686428,1.3730039678387902,1.5034491689165588,1.6471232961899247,1.8534376502281937,1.313822146756107,1.71057643514551,1.1514196190237886,1.9518455019193583,1.009091787915337,2.227144478953821
2025-01-02,43,2025-03-07,1.2369558034993704,1.2034214650205548,1.3779034684937874,1.5069714710852748,1.6531485446701824,1.8671082602433984,1.3172376873078546,1.7198718918690474,1.1527846162129938,1.9652240682684374,1.0088630048942382,2.2455775088599514
2025-01-02,44,2025-03-10,1.2369558034993704,1.2119822833590006,1.3815193933713044,1.515843700167467,1.6592302988523264,1.8805623698128473,1.321716872988303,1.7310523829870452,1.1549217127701674,1.9810530162540099,1.0091754065394167,2.2671590367687218
2025-01-02,45,2025-03-11,1.2369558034993704,1.2173777437391677,1.3879146092356145,1.5205934985649783,1.6682571586166886,1.891209936114933,1.325755239875087,1.7407556727278424,1.1569807119273596,1.9946883562274231,1.00969193069006,2.285663462600889
2025-01-02,46,2025-03-12,1.2369558034993704,1.216336004268347,1.3910762283896696,1.5278380782499643,1.682548232100178,1.9067115663499536,1.3291920665795256,1.75277163958486,1.1574945155907113,2.012769932367945,1.007975887992118,2.3113352071374167
2025-01-02,47,2025-03-13,1.2369558034993704,1.2119710724865138,1.3991321355703332,1.5389515262544227,1.6900341841331967,1.933843223572067,1.3335279204556176,1.7640779008444765,1.1594293497145276,2.028969798991254,1.0080601960851052,2.3336375583231947
2025-01-02,48,2025-03-14,1.2369558034993704,1.2204061221334124,1.3976963162972909,1.5410206663520207,1.6980313908823135,1.9305891566093216,1.3363519740055319,1.7747243634175824,1.1596203646430037,2.0452007214438033,1.006261386410169,2.356898951304955
2025-01-02,49,2025-03-17,1.2369558034993704,1.2166445615276344,1.404651071623967,1.550491457516359,1.709596935789423,1.9425722649113675,1.3385207359903437,1.784764357596783,1.1591702144164224,2.060908805099413,1.003851154383542,2.3797792043849504
2025-01-02,50,2025-03-18,1.2369558034993704,1.2176365742055946,1.4109080604544038,1.5601167171569763,1.71354779118968,1.9614215791574543,1.3429183058864411,1.7966216164120938,1.1610370546862896,2.078069814992253,1.0037893120124044,2.4036080366247945
2025-01-02,51,2025-03-19,1.2369558034993704,1.226223814445758,1.4170542629506149,1.566155408347032,1.7254268085733542,1.9819274546599182,1.3474000133344304,1.8079677383825918,1.1631868470347484,2.0942944472034175,1.0041588449790357,2.4259665360571345
2025-01-02,52,2025-03-20,1.2369558034993704,1.2274068259468338,1.4195675240371946,1.5701151056737621,1.7341410495868135,1.9916060812677958,1.3517567626100555,1.8188172659920105,1.1653417133495814,2.1097661836799775,1.0046343739019927,2.4472570351215968
2025-01-02,53,2025-03-21,1.2369558034993704,1.227484014001459,1.4322583265006892,1.5768311585435995,1.7422963317559312,1.9998860641847662,1.3559731501374674,1.8286549977152224,1.1676447916990367,2.1235970865407316,1.0054729766910702,2.4661101145917605
2025-01-02,54,2025-03-24,1.2369558034993704,1.226294977443325,1.4365113033572159,1.584601757958239,1.7557191320159369,2.011915085281026,1.3591616361429533,1.8414029515936612,1.16770259112352,2.143323366336318,1.0032135288824249,2.494747305964436
2025-01-02,55,2025-03-25,1.2369558034993704,1.2318797614839798,1.4442759711777828,1.5902028782350104,1.7636406125912734,2.0224156903269765,1.3650733241377528,1.8524054986267946,1.1718335803299773,2.157874099280788,1.0059488495655349,2.513715615613709
2025-01-02,56,2025-03-26,1.2369558034993704,1.2325381968974032,1.4499829328505411,1.5945039216341697,1.7737956833080943,2.041154798046437,1.3694207569781536,1.863381023279751,1.1739633136894398,2.1736221410693273,1.0064035139425571,2.5355164365852265
2025-01-02,57,2025-03-27,1.2369558034993704,1.2400036852311684,1.4533585539724265,1.6087528648204836,1.783046619416066,2.0654206136859674,1.3758710104142577,1.8737458878444035,1.1789930198258334,2.1866394496117367,1.0102869602431106,2.5517825622016095
2025-01-02,58,2025-03-28,1.2369558034993704,1.2438487955839685,1.460890063345434,1.618165395758485,1.79602448739557,2.0641023059456156,1.3808081066676006,1.8827196249551328,1.1825163858219596,2.198425790872416,1.0127004585105976,2.5670715351937674
2025-01-02,59,2025-03-31,1.2369558034993704,1.2497685765369977,1.463047361244945,1.6269554365699423,1.803065746757705,2.070153540969399,1.3858612161090138,1.8937921471321715,1.1855324773619638,2.2138010878642302,1.0141616191743095,2.5878844539779404
2025-01-02,60,2025-04-01,1.2369558034993704,1.252664004949629,1.4666030683456985,1.6356320096956778,1.8114777452982855,2.0827307708775202,1.3903063969470577,1.9026704680520998,1.1884584224952106,2.225820334093974,1.0159152148773356,2.6038540266713963
2025-04-01,0,2025-04-01,1.085280187576219,1.085280187576219,1.085280187576219,1.085280187576219,1.085280187576219,1.085280187576219,1.085280187576219,1.085280187576219,1.085280187576219,1.085280187576219,1.085280187576219,1.085280187576219
2025-04-01,1,2025-04-02,1.085280187576219,1.0665898159081677,1.078424778203298,1.0870294026524379,1.0955085143587668,1.1078487235993686,1.0745925570366073,1.099765984380596,1.0622227554153558,1.112572984595225,1.049995344499444,1.1255291249513268
2025-04-01,2,2025-04-03,1.085280187576219,1.0603128823561783,1.0777749985167049,1.0891582239160047,1.1014921296537983,1.1206169772568886,1.0715409791857686,1.1077541209759394,1.053880793128899,1.1263170780098348,1.0365116665626333,1.1451910998976693
2025-04-01,3,2025-04-04,1.085280187576219,1.0552621082906666,1.0771919936213907,1.09201217992561,1.1059521434910315,1.1297667733397685,1.0696490322903076,1.114369026916918,1.0479665908155824,1.1374253355999726,1.0267236657187653,1.160958679589329
2025-04-01,4,2025-04-07,1.085280187576219,1.052867318662596,1.0777053146423847,1.0932913242058624,1.1105328580318958,1.1377610770864737,1.068722224477185,1.1198540635531395,1.0440385770735767,1.1463301760792914,1.0199250333275804,1.173432249217019
2025-04-01,5,2025-04-08,1.085280187576219,1.0489325782223589,1.078463993909622,1.096596007141641,1.114756906544871,1.1456324504599673,1.0676764863191146,1.1258765610226575,1.039714566316325,1.1561557081580776,1.0124849551919841,1.1872491779137462
2025-04-01,6,2025-04-09,1.085280187576219,1.048065945499792,1.0770091236191164,1.099070283518862,1.1198152296888946,1.1521335065344676,1.0668752441258083,1.131181518797147,1.036106280488665,1.1647739056731943,1.0062247018841357,1.1993638764358938
2025-04-01,7,2025-04-10,1.085280187576219,1.0466277378767939,1.076885337688878,1.1004055641252748,1.125813667068357,1.1591981148991044,1.0663084020089768,1.137013767751696,1.032622027837039,1.174105627296235,0.9999998596703374,1.2124075038902529
2025-04-01,8,2025-04-11,1.085280187576219,1.0441520085263294,1.0788169123377642,1.1025802635990334,1.1292497941206838,1.1668764296254601,1.066427489988215,1.1421321000103424,1.0304782474413299,1.181976496518278,0.9957408529120808,1.2232109038078622
2025-04-01,9,2025-04-14,1.085280187576219,1.0413519930159727,1.0794484862374474,1.1050283357729778,1.1330157986516431,1.1715660099758578,1.0666614546141873,1.1459181473633309,1.0291130931461636,1.1877282740603152,0.9928865001200711,1.231063890774575
2025-04-01,10,2025-04-15,1.085280187576219,1.042392278126521,1.0807207937860954,1.1075442540253015,1.136763406048909,1.176006217323441,1.067340522417378,1.1505916804195948,1.0280018172379495,1.1946215509304683,0.9901130089683554,1.2403363193336137
2025-04-01,11,2025-04-16,1.085280187576219,1.0406416977060473,1.08138159757715,1.1110379662101506,1.1404541443012242,1.1825890128461687,1.0676454356823808,1.1549653627919731,1.0264932351383116,1.201268021790661,0.9869272387337626,1.2494269583015727
2025-04-01,12,2025-04-17,1.085280187576219,1.0383212692712862,1.0818749292476404,1.1140594752691024,1.1433548803478368,1.191615465065271,1.0680375041951573,1.159481405230192,1.0250566342228677,1.2080987380190955,0.9838054368288524,1.2587546072061206
2025-04-01,13,2025-04-21,1.085280187576219,1.0409889020371212,1.084667743395495,1.1163654855299054,1.1469245586923327,1.1982589398330605,1.0688008578168924,1.1639470797950722,1.0241853821685516,1.2146508425109592,0.9814323120869444,1.2675633581832106
2025-04-01,14,2025-04-22,1.085280187576219,1.0386452068558552,1.0857841823397094,1.1185234028492537,1.1507329798625014,1.2003914970563518,1.0691528568810067,1.1680452648007507,1.0228921944525797,1.2208705263377084,0.9786331624500957,1.2760848290707056
2025-04-01,15,2025-04-23,1.085280187576219,1.0370011049725412,1.08610492125966,1.1204890886909946,1.1551828113684879,1.2072926091314236,1.0693596358700517,1.1728225024169943,1.0211029614314167,1.2282493455573795,0.9750239515966844,1.2862956259392722
2025-04-01,16,2025-04-24,1.085280187576219,1.0381388413121668,1.0872563392228725,1.1239603014592605,1.1586009294993405,1.211034128870539,1.0707150366087648,1.1768888177275953,1.0212760195485826,1.2338609048263314,0.9741197913951655,1.2935909573840756
2025-04-01,17,2025-04-25,1.085280187576219,1.037297858889335,1.089278633598229,1.1257902583567505,1.1616670154410085,1.2164364035806006,1.071490024986792,1.1813136084275029,1.0204684803918433,1.2403771131913737,0.9718764479268712,1.3023936844145698
2025-04-01,18,2025-04-28,1.085280187576219,1.036109878532236,1.0892179252065082,1.1286397233831351,1.164023188934644,1.222860016578106,1.0714852496655947,1.1849489291530089,1.0188951120599288,1.2461099127540158,0.9688861789778397,1.3104277125038133
2025-04-01,19,2025-04-29,1.085280187576219,1.0367473561190874,1.091254897663255,1.1306679335751593,1.1678779966225168,1.227497628775081,1.072811574206754,1.18858135194483,1.0192265294714615,1.2510700951965643,0.9683179631488916,1.3168441356867178
2025-04-01,20,2025-04-30,1.085280187576219,1.0364261739330538,1.094103652257703,1.1322332506154225,1.1728047411282891,1.2319743047044585,1.073689808309617,1.1932951667416247,1.01846077040192,1.258005115238744,0.9660726336600935,1.3262241514714097
2025-04-01,21,2025-05-01,1.085280187576219,1.0395338957179063,1.0949363286985065,1.1355663341664657,1.1767777735166334,1.2390149943447,1.0751507818742039,1.1976521489011236,1.0186821907061656,1.2640415784747752,0.9651794177677757,1.3341111720786574
2025-04-01,22,2025-05-02,1.085280187576219,1.0374635115708082,1.0969569789646174,1.1379210732743967,1.1825259319419907,1.2432562458152163,1.0762247778024439,1.2022882023432508,1.0182400783263685,1.2707537062851995,0.9633794709941262,1.3431180468129926
2025-04-01,23,2025-05-05,1.085280187576219,1.0394855232510285,1.0971437673749462,1.1390377757689905,1.1846882441171032,1.2497209049900913,1.077109763052038,1.2058160481139955,1.0180038344388156,1.2758264693417236,0.9621413178872685,1.3499017386763832
2025-04-01,24,2025-05-06,1.085280187576219,1.042225651848667,1.0998334634680338,1.1424390817713956,1.1872948554698222,1.2529815961627129,1.078502835265479,1.2092472522844113,1.01853130580088,1.2804482127333752,0.9618945699304378,1.3558415141277311
2025-04-01,25,2025-05-07,1.085280187576219,1.0405978551723456,1.100156648211832,1.145614018680706,1.1902741850792564,1.2576282663753553,1.079581457055841,1.212965672071445,1.0184949257808973,1.2857160251530917,0.9608648861665097,1.3628297448125126
2025-04-01,26,2025-05-08,1.085280187576219,1.0398186715068425,1.100370325485003,1.1473961128782881,1.1924591465671204,1.2619225497370856,1.080433116672848,1.2162207210643226,1.0183349092477385,1.2903860334046018,0.9598058143441768,1.3690739570269168
2025-04-01,27,2025-05-09,1.085280187576219,1.0415662489603448,1.1022938160336784,1.1502021323581058,1.1959377653843613,1.2689493549142596,1.0815150660158506,1.2202084125892592,1.0181970939710558,1.2960887334177398,0.9585861119718407,1.376687775269308
2025-04-01,28,2025-05-12,1.085280187576219,1.0382399655282146,1.10345314104964,1.1524805346613656,1.1992985614286824,1.2750234313823252,1.082580988082333,1.2240078622282404,1.0181188777386687,1.3015058161525581,0.9574951533593836,1.3839105464529051
2025-04-01,29,2025-05-13,1.085280187576219,1.0404972245103312,1.1064625280273437,1.1546929109980006,1.2021787292886712,1.2788267682727372,1.083605847046203,1.2277898605916817,1.0179934611202384,1.3069241824177555,0.9563539083038706,1.3911589217434939
2025-04-01,30,2025-05-14,1.085280187576219,1.0408324393311388,1.1069137880854605,1.1562943217828276,1.207100128676117,1.28236168379473,1.0847709721438215,1.2323042078665238,1.0177664184674844,1.3134328361483445,0.9549006280219632,1.3999025598227426
2025-04-01,31,2025-05-15,1.085280187576219,1.038191817091477,1.109166963404953,1.1577790886463144,1.2113589292343654,1.289916078137384,1.0854982007295335,1.236710328938815,1.0169735738395314,1.3200410231097492,0.95277472518413,1.4089866170907046
2025-04-01,32,2025-05-16,1.085280187576219,1.039674773039918,1.1095628029944764,1.161019704693011,1.2151383489923595,1.2969964004093117,1.086500396226013,1.2409850122120494,1.016626825968457,1.3262788990389773,0.951246871946566,1.4174351025405258
2025-04-01,33,2025-05-19,1.085280187576219,1.0402676643109166,1.1127146040921976,1.1621911648176275,1.2174575012238442,1.3017348924427914,1.0885088209858065,1.2448620696675716,1.0178582756386416,1.3312691719223835,0.9517933610751861,1.4236738762425125
2025-04-01,34,2025-05-20,1.085280187576219,1.0421982064482702,1.1153081717996274,1.1643265899772786,1.2213474559051205,1.3053453614597312,1.089928373598263,1.2486709341006819,1.0182934177446574,1.3365124989004384,0.9513666308170582,1.4305335464572169
2025-04-01,35,2025-05-21,1.085280187576219,1.045322312655688,1.1170652946767283,1.169285506239637,1.224150489764312,1.3127446069034745,1.0913865507634604,1.2528712801933923,1.0186257943542507,1.3423642643054194,0.9507158652431574,1.4382497600280881
2025-04-01,36,2025-05-22,1.085280187576219,1.0432457604249288,1.1182967064659097,1.1726907910402267,1.2289064732486374,1.3209358349848772,1.0919200929216635,1.2578046944859433,1.0173717658950259,1.3499708414574854,0.947913054032077,1.4488905000710326
2025-04-01,37,2025-05-23,1.085280187576219,1.0435180010040264,1.1183156307484141,1.1760887312830177,1.2305275945551497,1.321296245284023,1.0934189126549962,1.2607427962289757,1.0182786183845463,1.3537748829267051,0.948302002698492,1.453671945717276
2025-04-01,38,2025-05-27,1.085280187576219,1.04414025230544,1.1213551938323325,1.17647314672915,1.2359869075526992,1.3257725949327273,1.0945733610906956,1.2649321628430434,1.0182014096013476,1.3598105796935838,0.9471581781244066,1.4618055157128935
2025-04-01,39,2025-05-28,1.085280187576219,1.04394387666697,1.122912371032297,1.1785683131657383,1.2377263528595013,1.330165477891222,1.0955996034412556,1.2689197912285735,1.0180303229269871,1.3656057081597293,0.9459530061379717,1.4696586522248596
2025-04-01,40,2025-05-29,1.085280187576219,1.044728070875945,1.1232227205031386,1.1815532565481575,1.244374252555284,1.3310002712936426,1.0972753909836517,1.2735123797181689,1.0185254220100024,1.371977335254035,0.9454272316730647,1.4780553675240478
2025-04-01,41,2025-05-30,1.085280187576219,1.04593775523657,1.1255784023845372,1.1845917257316367,1.2477452180746273,1.3385478174581116,1.0986448196355743,1.277780653454344,1.018726994193789,1.3780209060418094,0.9446225660476487,1.4861248778142808
2025-04-01,42,2025-06-02,1.085280187576219,1.0466234283763074,1.128694137123207,1.1876147890303486,1.2492965784763321,1.3449486638919743,1.1001022653023824,1.281631021403515,1.0192203423616317,1.3833369795788029,0.9442850351719133,1.4931139829735063
2025-04-01,43,2025-06-03,1.085280187576219,1.0459843144873615,1.1286464183364024,1.19080858832039,1.2518434662665812,1.3512078337327433,1.1016632860081321,1.2846375270480814,1.0201945809226356,1.3872236001266034,0.9447505387197133,1.4980017913459165
2025-04-01,44,2025-06-04,1.085280187576219,1.0451416080219718,1.131424938381415,1.1929532012227142,1.2555394592075875,1.3534067960975829,1.1028692713844384,1.288544889069347,1.0203197148000822,1.3927953584945651,0.9439489769289535,1.5054802724374496
2025-04-01,45,2025-06-05,1.085280187576219,1.0487745488411138,1.1329080505208835,1.1956887167007961,1.259673691838353,1.36037349488404,1.1044479857973761,1.2922045704241836,1.0210623553527938,1.3977331820739214,0.9439723254743354,1.5118798470347268
2025-04-01,46,2025-06-06,1.085280187576219,1.0506521527532595,1.1347293953272009,1.1970141865561197,1.2618321551875824,1.3700492259567654,1.1054169964036185,1.2957647332977262,1.021000909412369,1.4028982210721972,0.9430313270126887,1.5188894774737804
2025-04-01,47,2025-06-09,1.085280187576219,1.0516542174700427,1.136152418384341,1.199415782932442,1.2676438230535871,1.373006503709525,1.106700929886083,1.3001787182317435,1.0210426555234084,1.4092545386828628,0.9420143023694804,1.5274810508352472
2025-04-01,48,2025-06-10,1.085280187576219,1.0532306028702092,1.1380765236786101,1.2011933016254874,1.2703363216124643,1.3784252073326004,1.1083876916910917,1.3035855904483566,1.0220397005106598,1.413720252546836,0.9424185754230121,1.5331597457852288
2025-04-01,49,2025-06-11,1.085280187576219,1.052386239486048,1.138980285761205,1.2036514678384231,1.273348880723074,1.3812766681026358,1.109844506836929,1.3075448133022534,1.0225037610008008,1.4192333405857147,0.9420364157502663,1.5404621352465093
2025-04-01,50,2025-06-12,1.085280187576219,1.0550043945109433,1.1425934628017,1.2074055333634837,1.2764334327992477,1.3837437375300705,1.1115660444571325,1.311369803197407,1.0233879948928528,1.424361192661134,0.9422049128914387,1.5470882448355734
2025-04-01,51,2025-06-13,1.085280187576219,1.0546662228355264,1.1452063983656564,1.2112825886745404,1.2805466172115483,1.3936520491893098,1.1130308558435913,1.3155804488331173,1.023769297127823,1.4302847692383935,0.94166623345515,1.5549900600376172
2025-04-01,52,2025-06-16,1.085280187576219,1.056044319873077,1.1477083127780647,1.2134562954984922,1.2870904232777094,1.3935279484155059,1.1150784019540654,1.3204795500944189,1.024689453066275,1.4369604587284388,0.941627488601035,1.5637162724719222
2025-04-01,53,2025-06-17,1.085280187576219,1.0567470646413621,1.1461876515608473,1.2153544262084857,1.290842746667446,1.3999966569401927,1.1156263822630987,1.3245176453060137,1.0238805419316719,1.4432023740666005,0.9396796103187397,1.5725219666894346
2025-04-01,54,2025-06-18,1.085280187576219,1.05625762941532,1.1482457211737604,1.2180262624333804,1.294509401057827,1.4041187183605528,1.1168954883430096,1.3280025265013555,1.0242815601402016,1.4480784269458677,0.9393472579961216,1.5790114015147383
2025-04-01,55,2025-06-20,1.085280187576219,1.0572907971639947,1.1512507370806908,1.219684071150147,1.2968582211403628,1.4098947571163651,1.1182550788146695,1.3321731834865962,1.0245448518122022,1.4540207055451144,0.9386875796598593,1.587013038815748
2025-04-01,56,2025-06-23,1.085280187576219,1.0570853192154723,1.1522288780639443,1.2225691182041132,1.299938117344705,1.4188065048681242,1.1197894433120477,1.3358860302631494,1.0252265612101192,1.459102924909617,0.9386492327538606,1.5936848632666831
2025-04-01,57,2025-06-24,1.085280187576219,1.060350133582182,1.1545462417726664,1.2252757774005434,1.30519216978223,1.4256871766606372,1.1207468281816273,1.3407765534512934,1.0246677658203431,1.4664958923322833,0.9368253417364126,1.604003438672591
2025-04-01,58,2025-06-25,1.085280187576219,1.0603836849612343,1.1564696224047268,1.2241977357595646,1.310242712828746,1.425051412963816,1.1220376385192699,1.3439290558103294,1.0252339200708702,1.4708243207702456,0.9367819356318607,1.6097011767223577
2025-04-01,59,2025-06-26,1.085280187576219,1.0573023089418998,1.1590536068997486,1.225829438618212,1.311194266387542,1.4333936376295224,1.1227075973757221,1.3483236569042851,1.0244786567765765,1.47760346525012,0.9348440507965109,1.6192788647882865
2025-04-01,60,2025-06-27,1.085280187576219,1.0603889519898888,1.158486373176547,1.2283439827257516,1.3128375944908668,1.4358973043440184,1.124230860814406,1.3522446312745044,1.0250749512370991,1.4830477947146383,0.9346644824289422,1.626503600413607
2025-04-01,61,2025-06-30,1.085280187576219,1.057909751066031,1.1606962305229183,1.233143858109415,1.3156325285791293,1.4429538620666515,1.125073230309808,1.3555930782758612,1.024959052859145,1.4880023541496854,0.9337534942046671,1.6333448742384544
2025-04-01,62,2025-07-01,1.085280187576219,1.0616698865582592,1.161413078757313,1.2345948170881127,1.3204322119683893,1.446395295055549,1.1275910959927893,1.3597286849189663,1.0268365690636376,1.4931470150880368,0.9350848399862898,1.6396565236830183
2025-07-01,0,2025-07-01,1.2222821533626518,1.2222821533626518,1.2222821533626518,1.2222821533626518,1.2222821533626518,1.2222821533626518,1.2222821533626518,1.2222821533626518,1.2222821533626518,1.2222821533626518,1.2222821533626518,1.2222821533626518
2025-07-01,1,2025-07-02,1.2222821533626518,1.1894223425821988,1.2111421187559448,1.226131782296834,1.241677861408698,1.2637166124692645,1.203808423478756,1.2495940290885625,1.1815486170192135,1.2731357783148318,1.1597004200599472,1.2971210427498254
2025-07-01,2,2025-07-03,1.2222821533626518,1.181185825388076,1.2104697491217642,1.2308445712462583,1.2535636349743373,1.2884106749514255,1.1998076624279514,1.264972901920216,1.1684949388727879,1.298870992074386,1.1379994185137248,1.3336774657317565
2025-07-01,3,2025-07-07,1.2222821533626518,1.1742186770197538,1.2106744850792324,1.236545650296902,1.2627097025474932,1.304531021360252,1.1977221431440044,1.2768790951917786,1.1600033132824505,1.3183982743129388,1.1234723299796907,1.3612674968652947
2025-07-01,4,2025-07-08,1.2222821533626518,1.1676860406815188,1.2101103287089907,1.2410739218137525,1.2725820813927633,1.320659134270347,1.1953213224390764,1.288238172595679,1.1514071393993315,1.3373710335745208,1.1091062928205417,1.388377801164205
2025-07-01,5,2025-07-09,1.2222821533626518,1.1630111658931406,1.2088114318734982,1.244414923257127,1.2793376111929546,1.3356301774318073,1.1929652541398406,1.2975645123613355,1.1438714287720761,1.3532546921935735,1.0967979503346825,1.4113350392199673
2025-07-01,6,2025-07-10,1.2222821533626518,1.1613563168967462,1.2110432436204512,1.2475919318946027,1.2877862673060978,1.3476832914483279,1.1930891246604072,1.307709058299986,1.1396034740212069,1.3690845028510168,1.088515561124451,1.433340515652247
2025-07-01,7,2025-07-11,1.2222821533626518,1.1566358462979416,1.2127720369195503,1.2511835678144012,1.294180005387643,1.3624194629872388,1.192281804438255,1.3165290131217724,1.1346271126460752,1.3834268279553894,1.079760405601526,1.4537239735936507
2025-07-01,8,2025-07-14,1.2222821533626518,1.1551415888703847,1.2136172997036836,1.2554121713537643,1.302405676561026,1.3718808241506584,1.1928000190794128,1.3250738720446418,1.1317002472999667,1.3966137620163854,1.073730239145425,1.4720160448442132
2025-07-01,9,2025-07-15,1.2222821533626518,1.148428234258262,1.2158562431765312,1.2618712894593822,1.3073678745865087,1.3801152428099777,1.1920987203204825,1.3346538186072148,1.1266370159223216,1.4122020550958034,1.064770009404182,1.494256125905359
2025-07-01,10,2025-07-16,1.2222821533626518,1.15023097690201,1.2161338037088294,1.2656277279770425,1.3148001621410863,1.395774186204958,1.193517313608298,1.3426709631548113,1.1252740059435251,1.424098515152959,1.060932735549539,1.5104643181495734
2025-07-01,11,2025-07-17,1.2222821533626518,1.1485244660703104,1.2165404029872589,1.2699594998969364,1.3235620804928405,1.4067948487274369,1.1935430939320197,1.3514088872283403,1.1216665560270944,1.438007343414792,1.0541185059056966,1.5301550398680128
2025-07-01,12,2025-07-18,1.2222821533626518,1.1466450055913928,1.2199936025075098,1.2729450109661173,1.3297969133280179,1.417586539637151,1.1937586408612881,1.3599479066004143,1.1184424852297592,1.451527088844415,1.047878147180903,1.5492732327637673
2025-07-01,13,2025-07-21,1.2222821533626518,1.1440945157574212,1.221582342037828,1.2775278318402885,1.3392959987382578,1.4281782748179679,1.1941647799611035,1.3697569101824956,1.1149994091898787,1.4670101578230763,1.0410821884516417,1.571168422044577
2025-07-01,14,2025-07-22,1.2222821533626518,1.1433037488666618,1.2265563399561061,1.2827724681288533,1.3454712439239827,1.4435886140924576,1.1959024515509313,1.3786015786300612,1.113843689076467,1.4801655059541217,1.0374155200422182,1.5892118208609223
2025-07-01,15,2025-07-23,1.2222821533626518,1.1417143658416313,1.2251764251932067,1.291129509109913,1.3514786431432528,1.4555415127254057,1.1976592490716471,1.3863414063221269,1.1131785051699494,1.491552882077256,1.0346568820246076,1.6047490105161262
2025-07-01,16,2025-07-24,1.2222821533626518,1.1392027356735839,1.2323037815276563,1.2936560853037224,1.3569639906369049,1.4655953732969076,1.1990243276471582,1.394129415380824,1.111963282501289,1.5032826274352993,1.0312237317630981,1.6209819784424162
2025-07-01,17,2025-07-25,1.2222821533626518,1.1378843927938067,1.2342881332463627,1.2970208549196822,1.3651034433444513,1.481171626753678,1.200333110158091,1.4024102981328894,1.1104912291330777,1.5158692574183836,1.0273737844481148,1.6385073673841644
2025-07-01,18,2025-07-28,1.2222821533626518,1.1382636543798228,1.2385830100693769,1.3025134157134732,1.3704857155551686,1.4828458512439573,1.2032133960113711,1.4098125729971378,1.1115609929947075,1.5260569454900725,1.0268900306822242,1.6518861056314458
2025-07-01,19,2025-07-29,1.2222821533626518,1.1373880047754368,1.2407705042337454,1.308582069785547,1.3770574720577593,1.4941462265858223,1.2040032360769348,1.4177659731593701,1.1095304022578467,1.5384840435286722,1.0224704358317818,1.669480857209336
2025-07-01,20,2025-07-30,1.2222821533626518,1.1404031062280937,1.2398821205330386,1.3124032774589616,1.383015095996459,1.500247155608899,1.2054249050548669,1.4234138665639455,1.1092888405257184,1.5467734482422608,1.0208199005635143,1.6808239377087537
2025-07-01,21,2025-07-31,1.2222821533626518,1.1409787945627254,1.242617603730833,1.3148553264887108,1.3877268978536847,1.5086824199745488,1.2059771469511142,1.4309629681209466,1.1071192948797524,1.5587377491010412,1.0163651410757006,1.6979219061574085
2025-07-01,22,2025-08-01,1.2222821533626518,1.1400030510886565,1.2453893133856981,1.3221247411319301,1.3929145652485868,1.5161897373708053,1.2087462806619518,1.4384959049319064,1.1080220707008825,1.5692616788165805,1.0156911576910357,1.7119146520745938
2025-07-01,23,2025-08-04,1.2222821533626518,1.1434085623922199,1.2466182945759758,1.3269849138325094,1.4005811120853535,1.5234112805008355,1.2100535608350262,1.4455979773184586,1.107090502497111,1.5800433442835695,1.0128885368293261,1.7269925726140043
2025-07-01,24,2025-08-05,1.2222821533626518,1.1437704346662951,1.2486142952195225,1.3276185485413947,1.407937381209154,1.5362256259327935,1.2109007702293466,1.4526337724469758,1.105566230482389,1.5910357113112132,1.0093945928794297,1.7426241098631616
2025-07-01,25,2025-08-06,1.2222821533626518,1.1420161043917776,1.251311002189388,1.3349565069794211,1.4179443125833169,1.5490758331237047,1.2136559663582451,1.4620611701472659,1.1057593524110514,1.6047246251735274,1.0074549784593503,1.7613087435862465
2025-07-01,26,2025-08-07,1.2222821533626518,1.1425947742035738,1.2545655999984884,1.3371121969371789,1.4229336814735065,1.5618025122292356,1.2146149719691235,1.47101220725026,1.1036968596638217,1.618844373100539,1.0029077412547718,1.7815332132545867
2025-07-01,27,2025-08-08,1.2222821533626518,1.1403746689581211,1.2553276720495365,1.3418947303422362,1.4311983284360337,1.5696128621282144,1.2167483680871136,1.477980974580869,1.1039940604007519,1.6289317156582137,1.0016885309788868,1.7952995200291242
2025-07-01,28,2025-08-11,1.2222821533626518,1.1416833043991645,1.2611914930047752,1.3469393892311357,1.4399382169110453,1.5760530328412743,1.2190378980030991,1.4874027862828205,1.1035995525142177,1.6429875872487751,0.9990927880951616,1.8148468167117418
2025-07-01,29,2025-08-12,1.2222821533626518,1.14671660024789,1.261220067607428,1.351318059112748,1.4412697412357243,1.5842155073969335,1.2213909055106167,1.4944112514179906,1.104198005937595,1.653019025355702,0.9982498075068262,1.8284604693622162
2025-07-01,30,2025-08-13,1.2222821533626518,1.1460331549115212,1.2663014982946028,1.3567711026890825,1.450723896204651,1.5956164319182686,1.223588221066587,1.5014946480454818,1.1045643879236555,1.6632902395092923,0.9971185289816261,1.842520334286985
2025-07-01,31,2025-08-14,1.2222821533626518,1.1451704989156863,1.269586899084381,1.3604746795432283,1.4579486322602984,1.6022139789130736,1.2256118293840688,1.5082370031823482,1.104827867955862,1.6731231771290835,0.9959471576129703,1.85603533127749
2025-07-01,32,2025-08-15,1.2222821533626518,1.1426021506117483,1.2721102585312576,1.3632708186365528,1.4650228043927935,1.6096481003425234,1.2270695871388213,1.5159861235142755,1.1039672130846658,1.6850323493675894,0.9932147453900219,1.872928765227263
2025-07-01,33,2025-08-18,1.2222821533626518,1.1478819296514717,1.2740025005366329,1.3686840116829058,1.4710850894908343,1.6243850981967374,1.2297058605902507,1.5242930886904738,1.1045048417081473,1.6970791558695468,0.9920510135417108,1.8894513677557772
2025-07-01,34,2025-08-19,1.2222821533626518,1.1487997579269913,1.2744196281733235,1.3724386361362697,1.473927904739829,1.6277962930995225,1.2311749927630875,1.5296211692462924,1.104555991557906,1.7049668340677697,0.9909589990520865,1.9004129674169123
2025-07-01,35,2025-08-20,1.2222821533626518,1.150044685255949,1.2817622731793579,1.3786505668153792,1.482605473153571,1.6497410151771852,1.2346748631093878,1.5386859454899284,1.105996916376716,1.7177053850564525,0.9907297990616264,1.9175529603687074
2025-07-01,36,2025-08-21,1.2222821533626518,1.1517020400805322,1.2830730230372849,1.3840920585976586,1.4898100721134853,1.6514077261227629,1.2374395353652041,1.5451386697849405,1.1073942143077673,1.7265899107199945,0.9910156503286397,1.9293496293216212
2025-07-01,37,2025-08-22,1.2222821533626518,1.1571712079050929,1.2869160750035145,1.387849963101158,1.4950673535493793,1.6605776278556093,1.2390511044993675,1.5517423370158792,1.1071947659017178,1.7365400522030883,0.9893702085318512,1.9433454130694672
2025-07-01,38,2025-08-25,1.2222821533626518,1.1529779404175233,1.2879627620724405,1.3907651251327355,1.5036243375251717,1.6708131554905223,1.241385528501774,1.56011784468854,1.107340834247909,1.7489716402169144,0.9877702736496035,1.9606863729539097
2025-07-01,39,2025-08-26,1.2222821533626518,1.152704849880402,1.2920192008777855,1.393665411856642,1.507556015509158,1.6804153130499568,1.242850289332689,1.5677090093136223,1.1066123164740718,1.7607138171234618,0.9853083911092928,1.9774799579462572
2025-07-01,40,2025-08-27,1.2222821533626518,1.1542670445521788,1.296534515806024,1.3998351019405306,1.518141909816887,1.6933649664231156,1.2440418881501016,1.5761853159650845,1.1052203351818302,1.774162575668744,0.9818897586445688,1.9970068322684957
2025-07-01,41,2025-08-28,1.2222821533626518,1.1569606408386823,1.2966118485714695,1.4060590386971257,1.522484602138599,1.7020133396363615,1.2469452356422188,1.5826825287498119,1.1068127826576688,1.7830643715732688,0.9824284987331282,2.0088163579371625
2025-07-01,42,2025-08-29,1.2222821533626518,1.1516189705832183,1.3006234729425137,1.410614970791797,1.5279854793743648,1.7128937876225898,1.2483304966264699,1.590710550980754,1.1058565377090093,1.7956510852742167,0.9796433599103873,2.0269953060023953
2025-07-01,43,2025-09-02,1.2222821533626518,1.15736031531993,1.3039143848836305,1.4178208406415167,1.5361076434965042,1.7185945193423695,1.2503200826372436,1.598134628060189,1.1059236090565203,1.806797326558868,0.9782031385825938,2.042704364164071
2025-07-01,44,2025-09-03,1.2222821533626518,1.1554110617301934,1.3072952775407307,1.4172498604590287,1.5397130230865201,1.7211499990183203,1.2508786554642766,1.6039075321816678,1.1046713979976541,1.816190498804506,0.9755533777983966,2.056569884338038
